[
  {
    "email": "Abigail-395z36@gmail.com",
    "password": "Abigail@6429"
  },
  {
    "email": "Ryan-801z49@gmail.com",
    "password": "Ryan@60921"
  },
  {
    "email": "Abigail-590z51@gmail.com",
    "password": "Abigail@92363"
  },
  {
    "email": "Abigail-898z66@gmail.com",
    "password": "Abigail@45238"
  },
  {
    "email": "Kevin-486z48@gmail.com",
    "password": "Kevin@37315"
  },
  {
    "email": "Abigail-631z61@gmail.com",
    "password": "Abigail@79768"
  },
  {
    "email": "Abigail-234z34@gmail.com",
    "password": "Abigail@33622"
  },
  {
    "email": "Dylan-75z88@gmail.com",
    "password": "Dylan@27213"
  },
  {
    "email": "Abigail-57z26@gmail.com",
    "password": "Abigail@65412"
  },
  {
    "email": "Abigail-185z47@gmail.com",
    "password": "Abigail@22533"
  },
  {
    "email": "Gavin-912z85@gmail.com",
    "password": "Gavin@38780"
  },
  {
    "email": "Ryan-818z97@gmail.com",
    "password": "Ryan@55442"
  },
  {
    "email": "Tyler-741z45@gmail.com",
    "password": "Tyler@68451"
  },
  {
    "email": "Samuel-98z21@gmail.com",
    "password": "Samuel@94107"
  },
  {
    "email": "Ryan-783z51@gmail.com",
    "password": "Ryan@61048"
  },
  {
    "email": "Jack-273z93@gmail.com",
    "password": "Jack@75035"
  },
  {
    "email": "Abigail-390z29@gmail.com",
    "password": "Abigail@35301"
  },
  {
    "email": "Finn-404z34@gmail.com",
    "password": "Finn@92616"
  },
  {
    "email": "Abigail-709z27@gmail.com",
    "password": "Abigail@621"
  },
  {
    "email": "Mason-876z58@gmail.com",
    "password": "Mason@55473"
  },
  {
    "email": "Gavin-441z36@gmail.com",
    "password": "Gavin@7233"
  },
  {
    "email": "Ethan-674z66@gmail.com",
    "password": "Ethan@63580"
  },
  {
    "email": "Abigail-64z64@gmail.com",
    "password": "Abigail@80828"
  },
  {
    "email": "Abigail-181z5@gmail.com",
    "password": "Abigail@65037"
  },
  {
    "email": "Abigail-89z74@gmail.com",
    "password": "Abigail@75175"
  },
  {
    "email": "Ian-936z61@gmail.com",
    "password": "Ian@79695"
  },
  {
    "email": "Abigail-625z59@gmail.com",
    "password": "Abigail@31013"
  },
  {
    "email": "ketangupta7788@gmail.com",
    "password": "12345"
  },
  {
    "email": "Hunter-696z9@gmail.com",
    "password": "Hunter@11291"
  },
  {
    "email": "Caleb-101z38@gmail.com",
    "password": "Caleb@77055"
  },
  {
    "email": "Abigail-872z45@gmail.com",
    "password": "Abigail@23995"
  },
  {
    "email": "Abigail-733z60@gmail.com",
    "password": "Abigail@82898"
  },
  {
    "email": "Abigail-695z17@gmail.com",
    "password": "Abigail@25492"
  },
  {
    "email": "Abigail-716z20@gmail.com",
    "password": "Abigail@98919"
  },
  {
    "email": "Owen-839z64@gmail.com",
    "password": "Owen@90681"
  },
  {
    "email": "Hunter-522z9@gmail.com",
    "password": "Hunter@8510"
  },
  {
    "email": "Victor-491z36@gmail.com",
    "password": "Victor@56200"
  },
  {
    "email": "Abigail-318z49@gmail.com",
    "password": "Abigail@73867"
  },
  {
    "email": "Dylan-175z26@gmail.com",
    "password": "Dylan@22596"
  },
  {
    "email": "Abigail-650z5@gmail.com",
    "password": "Abigail@43973"
  },
  {
    "email": "Abigail-862z13@gmail.com",
    "password": "Abigail@33253"
  },
  {
    "email": "Hunter-538z0@gmail.com",
    "password": "Hunter@72342"
  },
  {
    "email": "Abigail-824z89@gmail.com",
    "password": "Abigail@86450"
  },
  {
    "email": "Wyatt-589z69@gmail.com",
    "password": "Wyatt@34844"
  },
  {
    "email": "Aaron-462z42@gmail.com",
    "password": "Aaron@31633"
  },
  {
    "email": "Parker-593z63@gmail.com",
    "password": "Parker@41529"
  },
  {
    "email": "Ethan-205z65@gmail.com",
    "password": "Ethan@47632"
  },
  {
    "email": "Abigail-527z33@gmail.com",
    "password": "Abigail@78518"
  },
  {
    "email": "Abigail-580z94@gmail.com",
    "password": "Abigail@35612"
  },
  {
    "email": "Hunter-991z87@gmail.com",
    "password": "Hunter@24801"
  },
  {
    "email": "Abigail-941z51@gmail.com",
    "password": "Abigail@39670"
  },
  {
    "email": "Parker-288z78@gmail.com",
    "password": "Parker@39396"
  },
  {
    "email": "Abigail-47z18@gmail.com",
    "password": "Abigail@30407"
  },
  {
    "email": "Abigail-493z12@gmail.com",
    "password": "Abigail@72697"
  },
  {
    "email": "Gavin-729z24@gmail.com",
    "password": "Gavin@17658"
  },
  {
    "email": "Owen-928z53@gmail.com",
    "password": "Owen@89055"
  },
  {
    "email": "Abigail-49z42@gmail.com",
    "password": "Abigail@581"
  },
  {
    "email": "Abigail-291z32@gmail.com",
    "password": "Abigail@94302"
  },
  {
    "email": "Uriah-331z68@gmail.com",
    "password": "Uriah@81630"
  },
  {
    "email": "Brandon-720z13@gmail.com",
    "password": "Brandon@78485"
  },
  {
    "email": "Abigail-451z30@gmail.com",
    "password": "Abigail@5293"
  },
  {
    "email": "Ethan-667z78@gmail.com",
    "password": "Ethan@59678"
  },
  {
    "email": "Abigail-270z0@gmail.com",
    "password": "Abigail@47894"
  },
  {
    "email": "Abigail-264z78@gmail.com",
    "password": "Abigail@10225"
  },
  {
    "email": "Abigail-739z53@gmail.com",
    "password": "Abigail@27889"
  },
  {
    "email": "Abigail-905z3@gmail.com",
    "password": "Abigail@88957"
  },
  {
    "email": "Gavin-727z72@gmail.com",
    "password": "Gavin@59823"
  },
  {
    "email": "Abigail-845z13@gmail.com",
    "password": "Abigail@3527"
  },
  {
    "email": "Kevin-901z0@gmail.com",
    "password": "Kevin@69515"
  },
  {
    "email": "Zachary-171z91@gmail.com",
    "password": "Zachary@59178"
  },
  {
    "email": "Xander-346z98@gmail.com",
    "password": "Xander@82990"
  },
  {
    "email": "Samuel-125z73@gmail.com",
    "password": "Samuel@92848"
  },
  {
    "email": "Wyatt-381z35@gmail.com",
    "password": "Wyatt@45177"
  },
  {
    "email": "Dylan-525z92@gmail.com",
    "password": "Dylan@15845"
  },
  {
    "email": "Aaron-120z88@gmail.com",
    "password": "Aaron@97101"
  },
  {
    "email": "Abigail-810z15@gmail.com",
    "password": "Abigail@45864"
  },
  {
    "email": "Ryan-785z64@gmail.com",
    "password": "Ryan@41558"
  },
  {
    "email": "Ethan-989z63@gmail.com",
    "password": "Ethan@60347"
  },
  {
    "email": "Abigail-376z84@gmail.com",
    "password": "Abigail@55757"
  },
  {
    "email": "Finn-956z12@gmail.com",
    "password": "Finn@54489"
  },
  {
    "email": "Abigail-657z78@gmail.com",
    "password": "Abigail@33186"
  },
  {
    "email": "Ian-371z56@gmail.com",
    "password": "Ian@95186"
  },
  {
    "email": "Abigail-877z80@gmail.com",
    "password": "Abigail@25458"
  },
  {
    "email": "Abigail-784z10@gmail.com",
    "password": "Abigail@86468"
  },
  {
    "email": "Abigail-233z30@gmail.com",
    "password": "Abigail@90806"
  },
  {
    "email": "Abigail-914z80@gmail.com",
    "password": "Abigail@34720"
  },
  {
    "email": "Caleb-115z9@gmail.com",
    "password": "Caleb@85472"
  },
  {
    "email": "Samuel-686z0@gmail.com",
    "password": "Samuel@8571"
  },
  {
    "email": "Uriah-275z89@gmail.com",
    "password": "Uriah@36975"
  },
  {
    "email": "kaushal21092003kumar@gmail.com",
    "password": "21092003"
  },
  {
    "email": "Abigail-85z77@gmail.com",
    "password": "Abigail@40768"
  },
  {
    "email": "Kevin-363z32@gmail.com",
    "password": "Kevin@35574"
  },
  {
    "email": "Abigail-708z98@gmail.com",
    "password": "Abigail@15260"
  },
  {
    "email": "Abigail-42z43@gmail.com",
    "password": "Abigail@4385"
  },
  {
    "email": "Ethan-323z5@gmail.com",
    "password": "Ethan@18680"
  },
  {
    "email": "Abigail-728z41@gmail.com",
    "password": "Abigail@4005"
  },
  {
    "email": "Abigail-600z59@gmail.com",
    "password": "Abigail@40387"
  },
  {
    "email": "Abigail-811z73@gmail.com",
    "password": "Abigail@17746"
  },
  {
    "email": "Noah-863z20@gmail.com",
    "password": "Noah@83258"
  },
  {
    "email": "Abigail-426z69@gmail.com",
    "password": "Abigail@93130"
  },
  {
    "email": "Quentin-550z88@gmail.com",
    "password": "Quentin@89771"
  },
  {
    "email": "Aaron-871z75@gmail.com",
    "password": "Aaron@29893"
  },
  {
    "email": "ketangupta889@gmail.com",
    "password": "ketan2004"
  }
]