[
  {
    "profilename": "Aaron-120"
  },
  {
    "profilename": "Aaron-462"
  },
  {
    "profilename": "Aaron-871"
  },
  {
    "profilename": "Abigail-181"
  },
  {
    "profilename": "Abigail-185"
  },
  {
    "profilename": "Abigail-233"
  },
  {
    "profilename": "Abigail-234"
  },
  {
    "profilename": "Abigail-264"
  },
  {
    "profilename": "Abigail-270"
  },
  {
    "profilename": "Abigail-291"
  },
  {
    "profilename": "Abigail-318"
  },
  {
    "profilename": "Abigail-376"
  },
  {
    "profilename": "Abigail-390"
  },
  {
    "profilename": "Abigail-395"
  },
  {
    "profilename": "Abigail-42"
  },
  {
    "profilename": "Abigail-426"
  },
  {
    "profilename": "Abigail-451"
  },
  {
    "profilename": "Abigail-47"
  },
  {
    "profilename": "Abigail-49"
  },
  {
    "profilename": "Abigail-493"
  },
  {
    "profilename": "Abigail-527"
  },
  {
    "profilename": "Abigail-57"
  },
  {
    "profilename": "Abigail-580"
  },
  {
    "profilename": "Abigail-590"
  },
  {
    "profilename": "Abigail-600"
  },
  {
    "profilename": "Abigail-625"
  },
  {
    "profilename": "Abigail-631"
  },
  {
    "profilename": "Abigail-64"
  },
  {
    "profilename": "Abigail-650"
  },
  {
    "profilename": "Abigail-657"
  },
  {
    "profilename": "Abigail-695"
  },
  {
    "profilename": "Abigail-708"
  },
  {
    "profilename": "Abigail-709"
  },
  {
    "profilename": "Abigail-716"
  },
  {
    "profilename": "Abigail-728"
  },
  {
    "profilename": "Abigail-733"
  },
  {
    "profilename": "Abigail-739"
  },
  {
    "profilename": "Abigail-784"
  },
  {
    "profilename": "Abigail-810"
  },
  {
    "profilename": "Abigail-811"
  },
  {
    "profilename": "Abigail-824"
  },
  {
    "profilename": "Abigail-845"
  },
  {
    "profilename": "Abigail-85"
  },
  {
    "profilename": "Abigail-862"
  },
  {
    "profilename": "Abigail-872"
  },
  {
    "profilename": "Abigail-877"
  },
  {
    "profilename": "Abigail-89"
  },
  {
    "profilename": "Abigail-898"
  },
  {
    "profilename": "Abigail-905"
  },
  {
    "profilename": "Abigail-914"
  },
  {
    "profilename": "Abigail-941"
  },
  {
    "profilename": "Brandon-720"
  },
  {
    "profilename": "Caleb-101"
  },
  {
    "profilename": "Caleb-115"
  },
  {
    "profilename": "Dylan-175"
  },
  {
    "profilename": "Dylan-525"
  },
  {
    "profilename": "Dylan-75"
  },
  {
    "profilename": "Ethan-205"
  },
  {
    "profilename": "Ethan-323"
  },
  {
    "profilename": "Ethan-667"
  },
  {
    "profilename": "Ethan-674"
  },
  {
    "profilename": "Ethan-989"
  },
  {
    "profilename": "Finn-404"
  },
  {
    "profilename": "Finn-956"
  },
  {
    "profilename": "Gavin-441"
  },
  {
    "profilename": "Gavin-727"
  },
  {
    "profilename": "Gavin-729"
  },
  {
    "profilename": "Gavin-912"
  },
  {
    "profilename": "Hunter-522"
  },
  {
    "profilename": "Hunter-538"
  },
  {
    "profilename": "Hunter-696"
  },
  {
    "profilename": "Hunter-991"
  },
  {
    "profilename": "Ian-371"
  },
  {
    "profilename": "Ian-936"
  },
  {
    "profilename": "Jack-273"
  },
  {
    "profilename": "kaushal2109"
  },
  {
    "profilename": "ketan7788"
  },
  {
    "profilename": "ketangupta"
  },
  {
    "profilename": "Kevin-363"
  },
  {
    "profilename": "Kevin-486"
  },
  {
    "profilename": "Kevin-901"
  },
  {
    "profilename": "Mason-876"
  },
  {
    "profilename": "Noah-863"
  },
  {
    "profilename": "Owen-839"
  },
  {
    "profilename": "Owen-928"
  },
  {
    "profilename": "Parker-288"
  },
  {
    "profilename": "Parker-593"
  },
  {
    "profilename": "Quentin-550"
  },
  {
    "profilename": "Ryan-783"
  },
  {
    "profilename": "Ryan-785"
  },
  {
    "profilename": "Ryan-801"
  },
  {
    "profilename": "Ryan-818"
  },
  {
    "profilename": "Samuel-125"
  },
  {
    "profilename": "Samuel-686"
  },
  {
    "profilename": "Samuel-98"
  },
  {
    "profilename": "Tyler-741"
  },
  {
    "profilename": "Uriah-275"
  },
  {
    "profilename": "Uriah-331"
  },
  {
    "profilename": "Victor-491"
  },
  {
    "profilename": "Wyatt-381"
  },
  {
    "profilename": "Wyatt-589"
  },
  {
    "profilename": "Xander-346"
  },
  {
    "profilename": "Zachary-171"
  }
]